epoch,loss,lr,mean_absolute_error,val_loss,val_mean_absolute_error
0,0.0028309344662293106,0.0003,0.0028309344662293106,0.004006391752346539,0.004006391752346539
