epoch,loss,mean_absolute_error,val_loss,val_mean_absolute_error
0,0.11450003602930696,0.11450003602930696,0.028554903362073055,0.028554903362073055
