epoch,loss,mean_absolute_error,val_loss,val_mean_absolute_error
0,0.0025700940502874133,0.0025700940502874133,0.0031805508583784103,0.0031805508583784103
