epoch,loss,lr,mean_absolute_error,val_loss,val_mean_absolute_error
0,0.019482645019222516,0.001,0.019482645019222516,0.010297270461055292,0.010297270461055292
