epoch,loss,mean_absolute_error,val_loss,val_mean_absolute_error
0,0.1905874874928944,0.1905874874928944,0.015788221900306997,0.015788221900306997
